Title 3, Author 3, 599,c
The Great Ponds, Chinua Achebe,600,c
Brand New Title, New Author, 300,r
New Book Title, New Book Author, 100,c
New Book Title 2, New Book Author 2, 200,r
New Book Title 3, New Book Author 3, 400,r
In the name of love, Oshinka Tsiang, 700,c
Thin Line between Love and Hate, Rosemary, 700,r
Okwonkwo,Chinua Acebe,400,r
Developing the Leader Within You,John Maxwell,225,c
The 360 Degree Leader,John Maxwell,369,c
In Search of Lost Time,Marcel Proust,365,c
Python,Punch and Enbody,792,c
er,er,56,c
